strategy,genus,species,full_idCompetitive,Acropora,abrolhosensis,Acropora abrolhosensisCompetitive,Acropora,abrotanoides,Acropora abrotanoidesCompetitive,Acropora,aculeus,Acropora aculeusCompetitive,Acropora,acuminata,Acropora acuminataCompetitive,Acropora,anthocercis,Acropora anthocercisCompetitive,Acropora,aspera,Acropora asperaCompetitive,Acropora,austera,Acropora austeraCompetitive,Acropora,azurea,Acropora azureaCompetitive,Acropora,carduus,Acropora carduusCompetitive,Acropora,caroliniana,Acropora carolinianaCompetitive,Acropora,cerealis,Acropora cerealisCompetitive,Acropora,chesterfieldensis,Acropora chesterfieldensisCompetitive,Acropora,clathrata,Acropora clathrataCompetitive,Acropora,corymbose,Acropora corymboseCompetitive,Acropora,cytherea,Acropora cythereaCompetitive,Acropora,digitate,Acropora digitateCompetitive,Acropora,digitifera,Acropora digitiferaCompetitive,Acropora,divaricata,Acropora divaricataCompetitive,Acropora,donei,Acropora doneiCompetitive,Acropora,echinata,Acropora echinataCompetitive,Acropora,elseyi,Acropora elseyiCompetitive,Acropora,eurystoma,Acropora eurystomaCompetitive,Acropora,florida,Acropora floridaCompetitive,Acropora,gemmifera,Acropora gemmiferaCompetitive,Acropora,glauca,Acropora glaucaCompetitive,Acropora,globiceps,Acropora globicepsCompetitive,Acropora,grandis,Acropora grandisCompetitive,Acropora,granulosa,Acropora granulosaCompetitive,Acropora,hispidose,Acropora hispidoseCompetitive,Acropora,horrida,Acropora horridaCompetitive,Acropora,humilis,Acropora humilisCompetitive,Acropora,hyacinthus,Acropora hyacinthusCompetitive,Acropora,intermedia,Acropora intermediaCompetitive,Acropora,japonica,Acropora japonicaCompetitive,Acropora,kimbeensis,Acropora kimbeensisCompetitive,Acropora,latistella,Acropora latistellaCompetitive,Acropora,listeri,Acropora listeriCompetitive,Acropora,lokani,Acropora lokaniCompetitive,Acropora,longicyathus,Acropora longicyathusCompetitive,Acropora,loripes,Acropora loripesCompetitive,Acropora,lutkeni,Acropora lutkeniCompetitive,Acropora,microclados,Acropora microcladosCompetitive,Acropora,microphthalma,Acropora microphthalmaCompetitive,Acropora,millepora,Acropora milleporaCompetitive,Acropora,monticulosa,Acropora monticulosaCompetitive,Acropora,muricata,Acropora muricataCompetitive,Acropora,nana,Acropora nanaCompetitive,Acropora,nasuta,Acropora nasutaCompetitive,Acropora,natalensis,Acropora natalensisCompetitive,Acropora,palmerae,Acropora palmeraeCompetitive,Acropora,paniculata,Acropora paniculataCompetitive,Acropora,papillare,Acropora papillareCompetitive,Acropora,pectinata,Acropora pectinataCompetitive,Acropora,polystoma,Acropora polystomaCompetitive,Acropora,pulchra,Acropora pulchraCompetitive,Acropora,retusa,Acropora retusaCompetitive,Acropora,robusta,Acropora robustaCompetitive,Acropora,roseni,Acropora roseniCompetitive,Acropora,rudis,Acropora rudisCompetitive,Acropora,samoensis,Acropora samoensisCompetitive,Acropora,sarmentosa,Acropora sarmentosaCompetitive,Acropora,secale,Acropora secaleCompetitive,Acropora,selago,Acropora selagoCompetitive,Acropora,solitaryensis,Acropora solitaryensisCompetitive,Acropora,speciosa,Acropora speciosaCompetitive,Acropora,spicifera,Acropora spiciferaCompetitive,Acropora,striata,Acropora striataCompetitive,Acropora,subglabra,Acropora subglabraCompetitive,Acropora,subulata,Acropora subulataCompetitive,Acropora,tenuis,Acropora tenuisCompetitive,Acropora,tortuosa,Acropora tortuosaCompetitive,Acropora,valenciennesi,Acropora valenciennesiCompetitive,Acropora,valida,Acropora validaCompetitive,Acropora,vaughani,Acropora vaughaniCompetitive,Acropora,verweyi,Acropora verweyiCompetitive,Acropora,willisae,Acropora willisaeCompetitive,Acropora,yongei,Acropora yongeiCompetitive,Hydnophora ,rigida,Hydnophora  rigidaCompetitive,Isopora,crateriformis,Isopora crateriformisCompetitive,Isopora,cuneata,Isopora cuneataCompetitive,Isopora,elizabethensis,Isopora elizabethensisCompetitive,Isopora,palifera,Isopora paliferaCompetitive,Montipora,capitata,Montipora capitataCompetitive,Montipora,digitata,Montipora digitataCompetitive,Montipora,hispida,Montipora hispidaCompetitive,Montipora,incrassata,Montipora incrassataCompetitive,Montipora,mollis,Montipora mollisCompetitive,Montipora,samarensis,Montipora samarensisCompetitive,Montipora,spongodes,Montipora spongodesCompetitive,Montipora,spumosa,Montipora spumosaCompetitive,Montipora,stellata,Montipora stellataCompetitive,Montipora,turgescens,Montipora turgescensCompetitive,Montipora,undata,Montipora undataGeneralist,Cycloseris,explanulata,Cycloseris explanulataGeneralist,Cyphastrea,agassizi,Cyphastrea agassiziGeneralist,Cyphastrea,chalcidicum,Cyphastrea chalcidicumGeneralist,Cyphastrea,decadia,Cyphastrea decadiaGeneralist,Cyphastrea,japonica,Cyphastrea japonicaGeneralist,Cyphastrea,microphthalma,Cyphastrea microphthalmaGeneralist,Cyphastrea,ocellina,Cyphastrea ocellinaGeneralist,Cyphastrea,serailia,Cyphastrea serailiaGeneralist,Echinopora,gemmacea,Echinopora gemmaceaGeneralist,Echinopora,hirsutissima,Echinopora hirsutissimaGeneralist,Echinopora,horrida,Echinopora horridaGeneralist,Echinopora,lamellosa,Echinopora lamellosaGeneralist,Echinopora,mammiformis,Echinopora mammiformisGeneralist,Echinopora,pacificus,Echinopora pacificusGeneralist,Hydnophora ,exesa,Hydnophora  exesaGeneralist,Hydnophora ,microconos,Hydnophora  microconosGeneralist,Isopora,cuneata,Isopora cuneataGeneralist,Isopora,palifera,Isopora paliferaGeneralist,Leptastrea,bewickensis,Leptastrea bewickensisGeneralist,Leptastrea,inaequalis,Leptastrea inaequalisGeneralist,Leptastrea,pruinosa,Leptastrea pruinosaGeneralist,Leptastrea,purpurea,Leptastrea purpureaGeneralist,Leptastrea,transversa,Leptastrea transversaGeneralist,Merulina,ampliata,Merulina ampliataGeneralist,Merulina,scabricula,Merulina scabriculaGeneralist,Montipora,aequituberculata,Montipora aequituberculataGeneralist,Montipora,australiensis,Montipora australiensisGeneralist,Montipora,calcarea,Montipora calcareaGeneralist,Montipora,corbettensis,Montipora corbettensisGeneralist,Montipora,crassituberculata,Montipora crassituberculataGeneralist,Montipora,danae,Montipora danaeGeneralist,Montipora,florida,Montipora floridaGeneralist,Montipora,foliosa,Montipora foliosaGeneralist,Montipora,foveolata,Montipora foveolataGeneralist,Montipora,grisea,Montipora griseaGeneralist,Montipora,hoffmeisteri,Montipora hoffmeisteriGeneralist,Montipora,informis,Montipora informisGeneralist,Montipora,lobulata,Montipora lobulataGeneralist,Montipora,mactanensis,Montipora mactanensisGeneralist,Montipora,monasteriata,Montipora monasteriataGeneralist,Montipora,nodosa,Montipora nodosaGeneralist,Montipora,orientalis,Montipora orientalisGeneralist,Montipora,peltiformis,Montipora peltiformisGeneralist,Montipora,tuberculosa,Montipora tuberculosaGeneralist,Montipora,turtlensis,Montipora turtlensisGeneralist,Montipora,verrucosa,Montipora verrucosaGeneralist,Mycedium,elephantotus,Mycedium elephantotusGeneralist,Mycedium,mancaoi,Mycedium mancaoiGeneralist,Oxypora,glabra,Oxypora glabraGeneralist,Oxypora,lacera,Oxypora laceraGeneralist,Pachyseris,rugosa,Pachyseris rugosaGeneralist,Pachyseris,speciosa,Pachyseris speciosaGeneralist,Pavona,bipartita,Pavona bipartitaGeneralist,Pavona,cactus,Pavona cactusGeneralist,Pavona,chiriquensis,Pavona chiriquensisGeneralist,Pavona,clavus,Pavona clavusGeneralist,Pavona,decussata,Pavona decussataGeneralist,Pavona,duerdeni,Pavona duerdeniGeneralist,Pavona,explanulata,Pavona explanulataGeneralist,Pavona,frondifera,Pavona frondiferaGeneralist,Pavona,maldivensis,Pavona maldivensisGeneralist,Pavona,minuta,Pavona minutaGeneralist,Pavona,varians,Pavona variansGeneralist,Pavona,venosa,Pavona venosaGeneralist,Pectinia,alcicornis,Pectinia alcicornisGeneralist,Pectinia,lactuca,Pectinia lactucaGeneralist,Pectinia,paeonia,Pectinia paeoniaGeneralist,Pocillopora,aliciae,Pocillopora aliciaeGeneralist,Pocillopora,grandis,Pocillopora grandisGeneralist,Pocillopora,ligulata,Pocillopora ligulataGeneralist,Pocillopora,meandrina,Pocillopora meandrinaGeneralist,Pocillopora,verrucosa,Pocillopora verrucosaGeneralist,Pocillopora,woodjonesi,Pocillopora woodjonesiGeneralist,Podabacia,crustacea,Podabacia crustaceaGeneralist,Podabacia,motuporensis,Podabacia motuporensisGeneralist,Psammocora,contigua,Psammocora contiguaGeneralist,Psammocora,digitata,Psammocora digitataGeneralist,Psammocora,haimiana,Psammocora haimianaGeneralist,Psammocora,nierstraszi,Psammocora nierstrasziGeneralist,Psammocora,profundacella,Psammocora profundacellaGeneralist,Psammocora,stellata,Psammocora stellataGeneralist,Turbinaria,bifrons,Turbinaria bifronsGeneralist,Turbinaria,frondens,Turbinaria frondensGeneralist,Turbinaria,heronensis,Turbinaria heronensisGeneralist,Turbinaria,mesenterina,Turbinaria mesenterinaGeneralist,Turbinaria,patula,Turbinaria patulaGeneralist,Turbinaria,peltata,Turbinaria peltataGeneralist,Turbinaria,radicalis,Turbinaria radicalisGeneralist,Turbinaria,reniformis,Turbinaria reniformisGeneralist,Turbinaria,stellulata,Turbinaria stellulataStress-Tolerant,Acanthastrea,echinata,Acanthastrea echinataStress-Tolerant,Acanthastrea,hemprichii,Acanthastrea hemprichiiStress-Tolerant,Acanthastrea,pachysepta,Acanthastrea pachyseptaStress-Tolerant,Alveopora,allingi,Alveopora allingiStress-Tolerant,Alveopora,tizardi,Alveopora tizardiStress-Tolerant,Astrea,annuligera,Astrea annuligeraStress-Tolerant,Astrea,curta,Astrea curtaStress-Tolerant,Astreopora,cucullata,Astreopora cucullataStress-Tolerant,Astreopora,listeri,Astreopora listeriStress-Tolerant,Astreopora,myriophthalma,Astreopora myriophthalmaStress-Tolerant,Astreopora,ocellata,Astreopora ocellataStress-Tolerant,Astreopora,randalli,Astreopora randalliStress-Tolerant,Astreopora,scabra,Astreopora scabraStress-Tolerant,Australogyra,zelli,Australogyra zelliStress-Tolerant,Bernardpora,stutchburyi,Bernardpora stutchburyiStress-Tolerant,Blastomussa,wellsi,Blastomussa wellsiStress-Tolerant,Caulastraea,furcata,Caulastraea furcataStress-Tolerant,Coelastrea,aspera,Coelastrea asperaStress-Tolerant,Coelastrea,palauensis,Coelastrea palauensisStress-Tolerant,Coeloseris,mayeri,Coeloseris mayeriStress-Tolerant,Coscinaraea,columna,Coscinaraea columnaStress-Tolerant,Coscinaraea,exesa,Coscinaraea exesaStress-Tolerant,Coscinaraea,monile,Coscinaraea monileStress-Tolerant,Ctenactis,albitentaculata,Ctenactis albitentaculataStress-Tolerant,Cycloseris,mokai,Cycloseris mokaiStress-Tolerant,Danafungia,horrida,Danafungia horridaStress-Tolerant,Diploastrea,heliopora,Diploastrea helioporaStress-Tolerant,Dipsastrea,amicorum,Dipsastrea amicorumStress-Tolerant,Dipsastrea,danai,Dipsastrea danaiStress-Tolerant,Dipsastrea,faviaformis,Dipsastrea faviaformisStress-Tolerant,Dipsastrea,favus,Dipsastrea favusStress-Tolerant,Dipsastrea,laxa,Dipsastrea laxaStress-Tolerant,Dipsastrea,lizardensis,Dipsastrea lizardensisStress-Tolerant,Dipsastrea,matthaii,Dipsastrea matthaiiStress-Tolerant,Dipsastrea,maxima,Dipsastrea maximaStress-Tolerant,Dipsastrea,pallida,Dipsastrea pallidaStress-Tolerant,Dipsastrea,rotumana,Dipsastrea rotumanaStress-Tolerant,Dipsastrea,rotundata,Dipsastrea rotundataStress-Tolerant,Dipsastrea,speciosa,Dipsastrea speciosaStress-Tolerant,Dipsastrea,veroni,Dipsastrea veroniStress-Tolerant,Dipsastrea,vietnamensis,Dipsastrea vietnamensisStress-Tolerant,Echinophyllia,aspera,Echinophyllia asperaStress-Tolerant,Echinophyllia,echinata,Echinophyllia echinataStress-Tolerant,Echinophyllia,echinoporoides,Echinophyllia echinoporoidesStress-Tolerant,Echinophyllia,orpheensis,Echinophyllia orpheensisStress-Tolerant,Euphyllia,ancora,Euphyllia ancoraStress-Tolerant,Euphyllia,divisa,Euphyllia divisaStress-Tolerant,Euphyllia,glabrescens,Euphyllia glabrescensStress-Tolerant,Favites,abdita,Favites abditaStress-Tolerant,Favites,chinensis,Favites chinensisStress-Tolerant,Favites,complanata,Favites complanataStress-Tolerant,Favites,flexuosa,Favites flexuosaStress-Tolerant,Favites,halicora,Favites halicoraStress-Tolerant,Favites,magnistellata,Favites magnistellataStress-Tolerant,Favites,pentagona,Favites pentagonaStress-Tolerant,Favites,valenciennesi,Favites valenciennesiStress-Tolerant,Favites,vasta,Favites vastaStress-Tolerant,Fungia,fungites,Fungia fungitesStress-Tolerant,Galaxea,astreata,Galaxea astreataStress-Tolerant,Galaxea,fascicularis,Galaxea fascicularisStress-Tolerant,Galaxea,horrescens,Galaxea horrescensStress-Tolerant,Gardineroseris,planulata,Gardineroseris planulataStress-Tolerant,Goniastrea,edwardsi,Goniastrea edwardsiStress-Tolerant,Goniastrea,favulus,Goniastrea favulusStress-Tolerant,Goniastrea,minuta,Goniastrea minutaStress-Tolerant,Goniastrea,pectinata,Goniastrea pectinataStress-Tolerant,Goniastrea,retiformis,Goniastrea retiformisStress-Tolerant,Goniastrea,stelligera,Goniastrea stelligeraStress-Tolerant,Goniopora,djiboutiensis,Goniopora djiboutiensisStress-Tolerant,Goniopora,fruticosa,Goniopora fruticosaStress-Tolerant,Goniopora,lobata,Goniopora lobataStress-Tolerant,Goniopora,pedunculata,Goniopora pedunculataStress-Tolerant,Goniopora,somaliensis,Goniopora somaliensisStress-Tolerant,Goniopora,tenuidens,Goniopora tenuidensStress-Tolerant,Halomitra,pileus,Halomitra pileusStress-Tolerant,Herpolitha,limax,Herpolitha limaxStress-Tolerant,Homophyllia,bowerbanki,Homophyllia bowerbankiStress-Tolerant,Leptoria,irregularis,Leptoria irregularisStress-Tolerant,Leptoria,phrygia,Leptoria phrygiaStress-Tolerant,Leptoseris,explanata,Leptoseris explanataStress-Tolerant,Leptoseris,foliosa,Leptoseris foliosaStress-Tolerant,Leptoseris,hawaiiensis,Leptoseris hawaiiensisStress-Tolerant,Leptoseris,incrustans,Leptoseris incrustansStress-Tolerant,Leptoseris,mycetoseroides,Leptoseris mycetoseroidesStress-Tolerant,Leptoseris,papyracea,Leptoseris papyraceaStress-Tolerant,Leptoseris,scabra,Leptoseris scabraStress-Tolerant,Leptoseris,solida,Leptoseris solidaStress-Tolerant,Leptoseris,yabei,Leptoseris yabeiStress-Tolerant,Lithophyllon,concinna,Lithophyllon concinnaStress-Tolerant,Lithophyllon,repanda,Lithophyllon repandaStress-Tolerant,Lithophyllon,scabra,Lithophyllon scabraStress-Tolerant,Lithophyllon,undulatum,Lithophyllon undulatumStress-Tolerant,Lobactis,scutaria,Lobactis scutariaStress-Tolerant,Lobophyllia,agaricia,Lobophyllia agariciaStress-Tolerant,Lobophyllia,corymbosa,Lobophyllia corymbosaStress-Tolerant,Lobophyllia,hataii,Lobophyllia hataiiStress-Tolerant,Lobophyllia,hemprichii,Lobophyllia hemprichiiStress-Tolerant,Lobophyllia,radians,Lobophyllia radiansStress-Tolerant,Lobophyllia,recta,Lobophyllia rectaStress-Tolerant,Lobophyllia,robusta,Lobophyllia robustaStress-Tolerant,Lobophyllia,vitensis,Lobophyllia vitensisStress-Tolerant,Micromussa,amakusensis,Micromussa amakusensisStress-Tolerant,Micromussa,lordhowensis,Micromussa lordhowensisStress-Tolerant,Micromussa,regularis,Micromussa regularisStress-Tolerant,Montipora,caliculata,Montipora caliculataStress-Tolerant,Montipora,efflorescens,Montipora efflorescensStress-Tolerant,Montipora,flabellata,Montipora flabellataStress-Tolerant,Montipora,floweri,Montipora floweriStress-Tolerant,Montipora,meandrina,Montipora meandrinaStress-Tolerant,Montipora,millepora,Montipora milleporaStress-Tolerant,Montipora,patula,Montipora patulaStress-Tolerant,Montipora,venosa,Montipora venosaStress-Tolerant,Oulophyllia,crispa,Oulophyllia crispaStress-Tolerant,Paragoniastrea,australensis,Paragoniastrea australensisStress-Tolerant,Paragoniastrea,russelli,Paragoniastrea russelliStress-Tolerant,Paramontastrea,annuligera,Paramontastrea annuligeraStress-Tolerant,Paramontastrea,serageldini,Paramontastrea serageldiniStress-Tolerant,Physogyra,lichtensteini,Physogyra lichtensteiniStress-Tolerant,Platygyra,contorta,Platygyra contortaStress-Tolerant,Platygyra,daedalea,Platygyra daedaleaStress-Tolerant,Platygyra,lamellina,Platygyra lamellinaStress-Tolerant,Platygyra,pini,Platygyra piniStress-Tolerant,Platygyra,sinensis,Platygyra sinensisStress-Tolerant,Platygyra,verweyi,Platygyra verweyiStress-Tolerant,Platygyra,yaeyamaensis,Platygyra yaeyamaensisStress-Tolerant,Plerogyra,sinuosa,Plerogyra sinuosaStress-Tolerant,Plesiastrea,versipora,Plesiastrea versiporaStress-Tolerant,Pleuractis,granulosa,Pleuractis granulosaStress-Tolerant,Pleuractis,paumotensis,Pleuractis paumotensisStress-Tolerant,Porites,annae,Porites annaeStress-Tolerant,Porites,arnaudi,Porites arnaudiStress-Tolerant,Porites,australiensis,Porites australiensisStress-Tolerant,Porites,brighami,Porites brighamiStress-Tolerant,Porites,evermanni,Porites evermanniStress-Tolerant,Porites,gabonensis,Porites gabonensisStress-Tolerant,Porites,lichen,Porites lichenStress-Tolerant,Porites,lobata,Porites lobataStress-Tolerant,Porites,lutea,Porites luteaStress-Tolerant,Porites,mayeri,Porites mayeriStress-Tolerant,Porites,monticulosa,Porites monticulosaStress-Tolerant,Porites,myrmidonensis,Porites myrmidonensisStress-Tolerant,Porites,profundus,Porites profundusStress-Tolerant,Porites,randalli,Porites randalliStress-Tolerant,Porites,sillimaniani,Porites sillimanianiStress-Tolerant,Porites,stephensoni,Porites stephensoniStress-Tolerant,Stylocoeniella,armata,Stylocoeniella armataStress-Tolerant,Stylocoeniella,guentheri,Stylocoeniella guentheriWeedy,Pocillopora,damicornis,Pocillopora damicornisWeedy,Porites,attenuata,Porites attenuataWeedy,Porites,compressa,Porites compressaWeedy,Porites,cylindrica,Porites cylindricaWeedy,Porites,heronensis,Porites heronensisWeedy,Porites,nigrescens,Porites nigrescensWeedy,Porites,rus,Porites rusWeedy,Porites,vaughani,Porites vaughaniWeedy,Seriatopora,caliendrum,Seriatopora caliendrumWeedy,Seriatopora,hystrix,Seriatopora hystrixWeedy,Seriatopora,stellata,Seriatopora stellataWeedy,Stylophora,pistillata,Stylophora pistillata